ISBN	Title	Class	AccessionNo
9786214780969	Marketing management	FIL HF 5415 M34 2024 c.3	FIL-9384
9786210450361	Marketing research	FIL HF 5415.2 A24 2024 c.1	FIL-9385
9786210450361	Marketing research	FIL HF 5415.2 A24 2024 c.2	FIL-9386
9786210450361	Marketing research	FIL HF 5415.2 A24 2024 c.3	FIL-9387
9786214272358	Naviagting human behavior in organizations: insights and strategies for effective leadership	FIL HD 58.7 S47 2025 c.1	FIL-9388
9786214272358	Naviagting human behavior in organizations: insights and strategies for effective leadership	FIL HD 58.7 S47 2025 c.2	FIL-9389
9786214272358	Naviagting human behavior in organizations: insights and strategies for effective leadership	FIL HD 58.7 S47 2025 c.3	FIL-9390
9786214271825	Advances human resource management (HRM)	FIL HF 5549 A23 2024 c.1	FIL-9391
9786214271481	Understanding marketing research	FIL HF 5415.2 M88 2024 c.1	FIL-9392
9786214271481	Understanding marketing research	FIL HF 5415.2 M88 2024 c.2	FIL-9393
9786214271481	Understanding marketing research	FIL HF 5415.2 M88 2024 c.3	FIL-9394
9786214272396	Navigating business research from data to decision	FIL HD 30.4 S47 2025 c.1	FIL-9395
9786214272396	Navigating business research from data to decision	FIL HD 30.4 S47 2025 c.2	FIL-9396
9786214272396	Navigating business research from data to decision	FIL HD 30.4 S47 2025 c.3	FIL-9397
9786214093021	Micro perspectives of tourism and hospitality 2nd edition	FIL G 155 D57 2025 c.1	FIL-9398
9786214093021	Micro perspectives of tourism and hospitality 2nd edition	FIL G 155 D57 2025 c.2	FIL-9399
9786214093021	Micro perspectives of tourism and hospitality 2nd edition	FIL G 155 D57 2025 c.3	FIL-9400
9786214880058	Comparative models in policing second editon	FIL HV 7936 C37 2024 c.1	FIL-9401
9786214880058	Comparative models in policing second editon	FIL HV 7936 C37 2024 c.2	FIL-9402
9786214880058	Comparative models in policing second editon	FIL HV 7936 C37 2024 c.3	FIL-9403
9786214880034	Forensic photography	FIL HV 8073 B85 2024 c.1	FIL-9404
9786214880034	Forensic photography	FIL HV 8073 B85 2024 c.2	FIL-9405
9786214880034	Forensic photography	FIL HV 8073 B85 2024 c.3	FIL-9406
9786214880331	Fundamentals of criminal investigation and intelligence second edition	FIL HV 8077 L33 2025 c.1	FIL-9407
9786214880331	Fundamentals of criminal investigation and intelligence second edition	FIL HV 8077 L33 2025 c.2	FIL-9408
9786214880331	Fundamentals of criminal investigation and intelligence second edition	FIL HV 8077 L33 2025 c.3	FIL-9409
9786214880164	Juvenile delinquency and juvenile justice system second edtion	FIL HV 9101 D48 2024 c.1	FIL-9410
9786214880164	Juvenile delinquency and juvenile justice system second edtion	FIL HV 9101 D48 2024 c.2	FIL-9411
9786214880164	Juvenile delinquency and juvenile justice system second edtion	FIL HV 9101 D48 2024 c.3	FIL-9412
9786214880140	Introduction to cybercrime and basic digital investigative analysis third edition	FIL HV 6773 L34 2024 c.1	FIL-9413
9786214880140	Introduction to cybercrime and basic digital investigative analysis third edition	FIL HV 6773 L34 2024 c.2	FIL-9414
9786214880140	Introduction to cybercrime and basic digital investigative analysis third edition	FIL HV 6773 L34 2024 c.3	FIL-9415
9786214880065	Introduction to cybercrime investigation and environmental laws and protection	FIL HV 6773 D48 2024 c.1	FIL-9416
9786214880065	Introduction to cybercrime investigation and environmental laws and protection	FIL HV 6773 D48 2024 c.2	FIL-9417
9786214880065	Introduction to cybercrime investigation and environmental laws and protection	FIL HV 6773 D48 2024 c.3	FIL-9418
9786214880072	Evidence	FIL KF 8975 G33 2024 c.1	FIL-9419
9786214880072	Evidence	FIL KF 8975 G33 2024 c.2	FIL-9420
9786214880072	Evidence	FIL KF 8975 G33 2024 c.3	FIL-9421
9786214880232	Vice and drug education and control	FIL HV 5805 C44 2024 c.1	FIL-9422
9786214880232	Vice and drug education and control	FIL HV 5805 C44 2024 c.2	FIL-9423
9786214880232	Vice and drug education and control	FIL HV 5805 C44 2024 c.3	FIL-9424
9786214880317	Law enforcement operations and planning with crime mapping third edition	FIL HV 8077 S25 2025 c.1	FIL-9425
9786214880317	Law enforcement operations and planning with crime mapping third edition	FIL HV 8077 S25 2025 c.2	FIL-9426
9786214880317	Law enforcement operations and planning with crime mapping third edition	FIL HV 8077 S25 2025 c.3	FIL-9427
9786214161249	Obligations and contracts (law and application) for business and law students	FIL KPM 1280 S67 2022 c.1	FIL-9428
9786214161249	Obligations and contracts (law and application) for business and law students	FIL KPM 1280 S67 2022 c.2	FIL-9429
9786214161249	Obligations and contracts (law and application) for business and law students	FIL KPM 1280 S67 2022 c.3	FIL-9430
9786214161157	Partnerships and corporations (revised corporation code of the philippines) (law and application) for business and law students	FIL KPM 1250 S67 2021 c.1	FIL-9431
9786214161157	Partnerships and corporations (revised corporation code of the philippines) (law and application) for business and law students	FIL KPM 1250 S67 2021 c.2	FIL-9432
9786214161157	Partnerships and corporations (revised corporation code of the philippines) (law and application) for business and law students	FIL KPM 1250 S67 2021 c.3	FIL-9433
9786214161072	Financial management principles and applications	FIL HG 4026 C33 2021 c.1	FIL-9434
9786214161072	Financial management principles and applications	FIL HG 4026 C33 2021 c.2	FIL-9435
9786214161072	Financial management principles and applications	FIL HG 4026 C33 2021 c.3	FIL-9436
9789719655657	Leisure and recreational management for tourism and hospitality industry	Fil GV 181.3 C67 2023 c.1	FIL-9437
9789719655657	Leisure and recreational management for tourism and hospitality industry	Fil GV 181.3 C67 2023 c.2	FIL-9438
9789719655657	Leisure and recreational management for tourism and hospitality industry	Fil GV 181.3 C67 2023 c.3	FIL-9439
9789719655374	Operations management in tourism and hospitality	FIL TX 911.3 B84 2023 c.1	FIL-9440
9789719655374	Operations management in tourism and hospitality	FIL TX 911.3 B84 2023 c.2	FIL-9441
9789719655374	Operations management in tourism and hospitality	FIL TX 911.3 B84 2023 c.3	FIL-9442
9789719655077	Professional development and applied ethics	FIL HF 5387 B84 2022 c.1	FIL-9443
9789719655077	Professional development and applied ethics	FIL HF 5387 B84 2022 c.2	FIL-9444
9789719655077	Professional development and applied ethics	FIL HF 5387 B84 2022 c.3	FIL-9445
9786214781553	Multicultural diversity in workplace 2nd ed	FIL HF 5549.5 Y48 2025 c.3	FIL-9446
9786214880300	Law enforcement organization and administration second edition	FIL HV 8075 D48 2025 c.1	FIL-9447
9786214880300	Law enforcement organization and administration second edition	FIL HV 8075 D48 2025 c.2	FIL-9448
9786214880300	Law enforcement organization and administration second edition	FIL HV 8075 D48 2025 c.3	FIL-9449
9786214880010	Traffic management and accident investigation with driving second edition	FIL HE 5621 A64 2024 c.1	FIL-9450
9786214880010	Traffic management and accident investigation with driving second edition	FIL HE 5621 A64 2024 c.2	FIL-9451
9786214880010	Traffic management and accident investigation with driving second edition	FIL HE 5621 A64 2024 c.3	FIL-9452
9786214880003	Theories of crime causation	FIL HV 6025 S25 2024 c.1	FIL-9453
9786214880003	Theories of crime causation	FIL HV 6025 S25 2024 c.2	FIL-9454
9786214880003	Theories of crime causation	FIL HV 6025 S25 2024 c.3	FIL-9455
9786214880324	Specialized crime investigation 2 with interview and interrogation	FIL HV 8077 A74 2025 c.1	FIL-9456
9786214880324	Specialized crime investigation 2 with interview and interrogation	FIL HV 8077 A74 2025 c.2	FIL-9457
9786214880324	Specialized crime investigation 2 with interview and interrogation	FIL HV 8077 A74 2025 c.3	FIL-9458
9786214880027	Character formation 2 Leadership, decision making, management and administration 3rd ed	FIL BJ 1533 L58 2024 c.1	FIL-9459
9786214880027	Character formation 2 Leadership, decision making, management and administration 3rd ed	FIL BJ 1533 L58 2024 c.2	FIL-9460
9786214880027	Character formation 2 Leadership, decision making, management and administration 3rd ed	FIL BJ 1533 L58 2024 c.3	FIL-9461
9786214880133	Non institutional corrections 3rd ed	FIL HV 9466 C43 2024 c.1	FIL-9462
9786214880133	Non institutional corrections 3rd ed	FIL HV 9466 C43 2024 c.2	FIL-9463
9786214880133	Non institutional corrections 3rd ed	FIL HV 9466 C43 2024 c.3	FIL-9464
9786214781423	Philippine culture and tourism geography 3rd ed.	FIL G 155.5 Y46 2025 c.4	FIL-9465
9786214781423	Philippine culture and tourism geography 3rd ed.	FIL G 155.5 Y46 2025 c.5	FIL-9466
9786214781423	Philippine culture and tourism geography 3rd ed.	FIL G 155.5 Y46 2025 c.6	FIL-9467
9786214880157	Introduction to industrial security concepts 4th ed.	FIL TH 9145 B63 2024 c.1	FIL-9468
9786214880157	Introduction to industrial security concepts 4th ed.	FIL TH 9145 B63 2024 c.2	FIL-9469
9786214880157	Introduction to industrial security concepts 4th ed.	FIL TH 9145 B63 2024 c.3	FIL-9470
9786214782000	Tour guiding	FIL G 155 V59 2026 c.1	FIL-9471
9786214782000	Tour guiding	FIL G 155 V59 2026 c.2	FIL-9472
9786214782000	Tour guiding	FIL G 155 V59 2026 c.3	FIL-9473
9788119920334	Gender and Human Rights Narrative on Macro-Micro Realities	HQ 1236 S56 2024 c.1	GEN-9778
9789362247193	Law enforcement organization and administration second edition	HV 8075 H33 2025 c.1	GEN-9531
9789362247193	Law enforcement organization and administration second edition	HV 8075 H33 2025 c.2	GEN-9532
9789362247193	Law enforcement organization and administration second edition	HV 8075 H33 2025 c.3	GEN-9533
9781835353004	Principle of Fingerprint	HV 8076 S56 2025 c.1	GEN-9722
9781835353004	Principle of Fingerprint	HV 8076 S56 2025 c.2	GEN-9723
9781835353004	Principle of Fingerprint	HV 8076 S56 2025 c.3	GEN-9724
9789362243720	Special Crime Investigation	HV 8073 Y33 2025 c.1	GEN-9725
9789362243720	Special Crime Investigation	HV 8073 Y33 2025 c.2	GEN-9726
9789362243720	Special Crime Investigation	HV 8073 Y33 2025 c.3	GEN-9727
